"0","61","73","American whole magazine truth stop whose.","3","2021-11-09 16:16:13"
"1","64","66","Cause believe son would mouth.","5","2021-04-01 14:14:10"
"2","53","11","Together range line beyond.","4","2022-09-09 09:20:05"
"3","64","54","Whom local tend employee source.","5","2020-02-13 15:01:30"
"4","0","41","Report size personal partner stock four.","3","2020-07-14 16:26:52"
"5","36","17","Draw whose sort language ball.","3","2024-04-27 02:47:57"
"6","61","20","Necessary religious natural sport music.","5","2024-08-27 04:26:02"
"7","64","42","Before something first drug contain start.","1","2022-03-18 23:11:47"
"8","61","98","Quickly candidate change although.","1","2024-08-06 14:03:07"
"9","61","9","Every speech support time operation wear often.","4","2024-03-10 15:02:52"
"10","53","56","Party main picture suddenly drug rule.","1","2021-11-15 22:43:45"
"11","53","80","International artist situation talk despite stage.","5","2020-08-17 21:36:31"
"12","0","25","Paper office hospital have wonder.","1","2020-03-08 05:20:07"
"13","36","81","Look road article quickly.","5","2023-08-15 08:26:25"
"14","64","11","Attorney author feeling job article.","4","2020-05-02 08:17:20"
"15","61","2","Grow rule stuff truth college.","2","2020-06-29 08:35:30"
"16","36","44","Morning bring TV program actually race.","5","2024-04-29 03:58:26"
"17","53","91","Home price check real leader bad.","1","2024-08-18 03:24:12"
"18","53","66","Several loss particular pull opportunity.","5","2021-02-15 04:18:17"
"19","53","39","Stock ball organization recognize civil development.","4","2023-03-22 10:02:47"
"20","64","8","I reduce industry.","1","2021-05-29 17:37:16"
"21","53","47","Land those traditional page.","1","2020-04-30 21:21:12"
"22","61","48","Study anyone state wind indeed.","5","2020-09-16 07:45:15"
"23","36","53","Wear individual about add senior woman.","5","2020-10-30 19:19:45"
"24","36","25","Power them evidence without beyond take however ball.","3","2023-11-08 08:30:05"
"25","0","90","President stage population boy.","2","2022-05-14 23:44:25"
"26","0","97","Day employee fire.","3","2024-10-29 01:27:54"
"27","0","40","Pretty Republican total policy head Mrs debate onto.","1","2021-03-06 04:05:54"
"28","36","3","Front happen behavior single along especially.","2","2022-06-18 12:59:07"
"29","53","27","Can boy room value film tax rock.","3","2023-06-06 14:28:13"
"30","53","32","Board night loss front something speech.","1","2024-01-28 11:16:49"
"31","0","47","Interview few same thus turn phone heart.","1","2020-07-23 12:59:21"
"32","0","2","Article account hour million large.","4","2021-11-05 23:35:54"
"33","61","56","Detail yourself one coach court boy.","1","2024-06-21 15:39:41"
"34","61","83","Budget huge debate among way.","2","2021-03-30 16:58:55"
"35","61","12","National character writer work chance image.","4","2024-06-07 09:37:29"
"36","61","26","Street your play themselves myself use.","1","2022-11-23 00:39:54"
"37","53","48","Modern themselves owner.","2","2023-03-23 12:40:08"
"38","64","36","At be than always different American address.","4","2022-10-24 02:54:08"
"39","36","35","Why measure too maybe off question source.","5","2020-08-25 05:40:22"
"40","36","36","Top individual win suddenly win parent do.","1","2020-01-01 17:56:51"
"41","36","32","Now four management energy stay significant his.","4","2020-07-12 10:20:59"
"42","36","23","Dream role free walk.","4","2023-07-22 06:21:02"
"43","36","10","Response purpose character would in partner hit another.","4","2021-04-15 06:47:52"
"44","0","49","Pay picture black near get himself simply make.","1","2023-12-22 12:05:34"
"45","64","6","Practice wide require fast support when.","4","2022-07-01 19:34:44"
"46","0","1","Although hot he couple ground.","1","2020-05-18 16:40:01"
"47","0","10","Too war project occur democratic.","1","2024-04-09 22:37:04"
"48","64","70","Certainly through instead base.","1","2023-07-15 08:27:14"
"49","0","11","Similar safe air land rather air.","3","2022-02-23 18:10:19"
"50","0","18","Building reality generation concern.","2","2023-02-10 12:12:35"
"51","0","96","Debate daughter purpose voice.","1","2020-01-23 07:43:12"
"52","53","67","Usually do center.","4","2020-12-15 04:28:58"
"53","61","92","Candidate whom gun list fall.","5","2022-10-12 21:42:17"
"54","36","19","Bill ok choose today.","2","2021-11-23 06:28:17"
"55","53","15","Door contain head production technology.","5","2020-03-04 20:17:27"
"56","61","59","Car federal indicate unit.","5","2023-08-04 16:40:28"
"57","53","54","Be know hard we around impact.","4","2022-09-23 06:57:47"
"58","61","84","Fall likely wear someone everybody newspaper.","2","2023-10-18 04:25:38"
"59","61","81","It easy law view central leg.","1","2024-02-10 12:33:51"
"60","61","87","Account fear shoulder pick nation choose relationship.","4","2020-10-14 13:15:18"
"61","36","93","Evidence worker building this American either.","5","2023-05-16 01:25:18"
"62","53","18","The pull cultural be audience.","3","2022-08-07 11:28:50"
"63","64","78","Morning eat turn clear.","4","2022-06-19 00:59:50"
"64","53","1","Off phone most improve.","5","2023-06-07 08:38:38"
"65","53","36","Head pick church recent high opportunity.","2","2024-10-04 15:46:51"
"66","61","40","Design major maybe manage when know.","2","2024-03-19 12:52:59"
"67","0","87","Agent likely thousand act money.","1","2020-09-09 19:36:13"
"68","61","71","American per yourself their record road.","2","2021-03-13 01:50:42"
"69","36","20","Leave form collection instead today itself.","4","2021-04-03 06:27:02"
"70","64","79","Decade cost glass work.","4","2024-03-08 11:05:10"
"71","61","65","Somebody keep daughter report town.","1","2021-12-28 02:29:10"
"72","0","81","Arm point community particularly partner relate.","5","2022-06-02 16:11:23"
"73","53","24","Approach recent program possible natural same issue.","4","2024-03-03 00:06:55"
"74","53","9","Democratic entire analysis clear about pressure cell.","4","2021-11-21 05:56:06"
"75","64","27","Tv law fund bill third some follow.","4","2022-10-07 04:27:15"
"76","53","38","And hard decide modern could cut pull.","3","2022-08-28 01:42:44"
"77","64","39","Lot the drive figure necessary.","1","2023-12-03 01:30:39"
"78","61","41","Answer speak without leave brother bank.","1","2021-04-22 19:50:13"
"79","61","94","Partner stand next though house where.","2","2024-03-02 10:03:05"
"80","36","88","Various floor itself news experience.","5","2021-09-17 01:26:39"
"81","53","4","Painting movie end discussion budget situation between.","4","2022-02-11 21:54:41"
"82","36","42","Score middle teacher.","1","2023-04-10 04:54:29"
"83","53","25","Grow push region produce develop story drive.","5","2022-08-13 10:14:14"
"84","53","51","Pick expert commercial special network foreign.","5","2020-03-19 13:29:24"
"85","36","27","Wish member baby share.","4","2024-11-04 08:51:05"
"86","36","7","Staff service government opportunity.","4","2020-12-01 14:05:58"
"87","64","38","Other majority final when new clear these.","4","2024-08-23 10:51:40"
"88","0","68","Page region start size.","4","2020-07-02 20:48:13"
"89","36","49","Risk which gas kid rise price.","3","2022-12-05 07:18:08"
"90","36","70","Ground much run.","2","2023-01-03 00:52:22"
"91","0","38","And difficult president at artist.","4","2021-02-26 01:45:52"
"92","36","31","Center find power road size impact.","1","2023-06-25 14:27:33"
"93","53","43","Source wonder relate service north but west.","2","2020-01-10 15:54:25"
"94","64","63","Style record bag down stock computer watch.","2","2024-10-10 05:40:23"
"95","36","72","Interview ten billion pick.","2","2020-05-04 10:15:19"
"96","53","78","Agree usually already bed fall character.","2","2024-04-25 13:19:09"
"97","53","44","Front sound war address morning explain.","4","2020-04-18 12:26:40"
"98","64","77","Energy rather lay return identify many again.","1","2022-02-27 21:38:46"
"99","64","47","Yet seven several might history.","3","2021-10-11 05:54:46"
"100","0","17","Source wall drug purpose mouth then.","2","2021-04-20 12:40:03"
"101","53","40","Once anything choose.","3","2023-02-02 09:38:19"
"102","53","6","Follow situation over would a.","2","2024-11-01 14:05:41"
"103","0","4","Game act return travel.","3","2021-08-06 00:32:24"
"104","0","86","Everything store morning as police often.","5","2024-08-15 08:32:47"
"105","61","3","Expect investment yard responsibility watch.","5","2024-06-26 03:44:48"
"106","53","55","Social suddenly seek choice produce type.","5","2023-04-08 11:53:41"
"107","53","69","No in pass.","2","2020-02-18 18:05:00"
"108","53","29","Quite piece physical market.","2","2024-11-10 18:30:40"
"109","36","85","War unit back large.","4","2024-04-30 02:15:41"
"110","0","55","Key assume interview house.","3","2022-02-24 01:36:10"
"111","53","22","Before air action economy several hit.","4","2020-04-29 08:35:48"
"112","64","69","Stop camera report foreign agency list.","5","2021-02-24 11:40:50"
"113","0","56","Ten guess attorney response provide likely fire.","1","2022-09-05 01:15:59"
"114","61","88","Image central challenge term memory.","2","2021-01-24 13:11:40"
"115","36","62","Role mind statement.","4","2021-07-13 22:16:51"
"116","53","5","Ball company enter son.","3","2022-02-27 18:48:41"
"117","61","35","Need although one political almost serious stand.","1","2021-08-22 06:41:55"
"118","61","22","Speech mission remember tree care.","5","2020-06-26 14:29:50"
"119","64","56","Gas spend bag into good later street.","5","2023-01-29 20:46:08"
"120","0","66","Understand consumer by full parent analysis.","1","2022-08-25 00:50:47"
"121","61","57","Should represent group strong back approach great top.","3","2022-08-20 08:06:05"
"122","64","21","Congress law enough we ask benefit.","1","2022-12-25 20:22:42"
"123","0","75","Pattern president add lead network the.","4","2024-01-20 12:50:41"
"124","0","57","Television so teach energy possible believe step.","3","2023-01-18 23:23:52"
"125","0","61","Child might source.","1","2020-01-03 06:10:20"
"126","61","78","War receive civil single.","2","2022-01-23 16:10:51"
"127","64","60","Lot thousand question.","1","2021-12-04 11:30:53"
"128","36","54","Forget whom goal clear inside.","3","2024-10-22 13:50:46"
"129","36","39","Side class on reach responsibility commercial chance.","1","2022-10-01 12:44:43"
"130","64","71","Another understand of.","2","2021-04-20 19:50:51"
"131","61","38","Job trial four easy case member.","5","2023-05-28 23:04:14"
"132","0","88","Not go benefit time early high.","4","2022-01-15 19:46:38"
"133","61","27","Attorney education every money my page single theory.","3","2020-05-05 05:17:28"
"134","64","48","Who blood there any require agree.","4","2023-05-06 08:16:04"
"135","61","16","Claim future in opportunity you exist me.","3","2022-12-09 04:26:28"
"136","36","6","She picture send cultural whatever computer.","5","2022-10-05 17:14:18"
"137","53","12","Fact issue radio.","3","2023-03-11 14:08:05"
"138","36","92","Car party close issue.","4","2023-12-11 02:30:20"
"139","0","23","Sing nation network college.","2","2021-05-25 23:53:12"
"140","36","38","Career manage tonight perhaps explain soldier range.","4","2022-03-24 06:52:28"
"141","36","78","Maybe forward reason treatment worker season figure they.","4","2022-12-12 14:51:49"
"142","61","61","Fill improve image best win challenge on.","5","2020-11-27 20:37:26"
"143","36","96","Word book read pass heart soldier action throughout.","4","2022-09-16 02:10:15"
"144","0","26","Hard recent project speech director city necessary.","1","2024-04-27 06:38:09"
"145","36","1","Part decade remain if again care.","4","2021-06-16 07:39:45"
"146","61","17","Trouble upon beautiful.","5","2023-06-12 21:01:37"
"147","0","62","Big strategy make population line Congress must city.","5","2021-03-22 06:29:00"
"148","61","28","Enter director book cell.","1","2021-03-06 17:15:37"
"149","0","30","Only cup almost identify.","5","2024-03-03 10:47:50"
"150","64","92","Their rate drop marriage worker ever.","1","2024-03-19 20:52:58"
"151","53","46","Fight institution school white.","2","2021-12-20 15:29:55"
"152","53","2","Process sit executive partner story budget great.","4","2021-12-11 09:11:38"
"153","53","58","Grow husband short year term.","4","2022-06-24 05:19:38"
"154","0","31","General during cost what.","4","2021-12-11 12:52:38"
"155","0","34","Wish let left very your stock.","2","2023-05-25 13:05:13"
"156","61","51","Military ability line hour wear star.","4","2020-05-31 02:05:21"
"157","64","37","Image enjoy rise.","2","2020-12-17 09:57:34"
"158","36","47","Agreement well account movement can start.","5","2021-09-11 09:48:03"
"159","0","76","Culture ability to suffer at computer doctor.","4","2023-04-01 14:41:50"
"160","0","22","Agreement girl happen front law.","2","2024-05-25 08:36:46"
"161","0","72","Evening realize per probably.","4","2021-10-05 09:39:34"
"162","61","15","Build black treat buy throw like lawyer.","3","2021-02-04 10:07:14"
"163","61","90","Bad measure star tell law go.","4","2020-03-15 07:16:55"
"164","61","74","Drop local cell kid growth main.","2","2024-06-10 23:29:24"
"165","0","50","Garden free perform civil.","4","2023-04-27 14:47:28"
"166","36","24","Court hospital skin soon which thought radio.","5","2021-08-05 23:41:16"
"167","53","81","Type Republican organization its plant pay together.","5","2021-10-24 22:33:12"
"168","64","4","Drug toward such.","5","2021-09-02 04:01:01"
"169","36","4","Difference range technology serious international position write those.","3","2024-03-13 00:47:09"
"170","53","28","Response hospital wrong fish yeah attack.","2","2020-12-18 00:01:11"
"171","64","84","Region again debate take one them.","4","2024-08-07 08:14:36"
"172","36","29","Final name at painting room sell daughter.","5","2023-01-23 12:24:13"
"173","0","37","Pass tend onto when happen.","4","2022-03-13 19:10:28"
"174","0","19","Everything stuff detail himself medical fund station.","3","2020-10-03 10:37:08"
"175","0","35","Phone nor as year look floor.","1","2020-12-28 06:10:28"
"176","36","73","Those budget involve all.","3","2022-03-31 17:38:36"
"177","61","33","Factor pattern PM seat my arrive.","5","2024-09-11 17:41:00"
"178","0","44","Standard PM election case yet between night.","1","2022-02-20 10:56:18"
"179","64","20","Avoid yourself campaign alone subject development best.","2","2021-07-04 12:19:13"
"180","36","52","Participant seat give especially win.","3","2024-08-27 07:58:10"
"181","36","94","Stock worker everybody professor show bar standard.","3","2022-10-01 08:37:16"
"182","64","53","Sound coach every cut never.","4","2020-10-03 05:29:46"
"183","61","99","Story but order leg food fast pick.","3","2020-04-07 09:14:52"
"184","0","53","Away wish finish within president.","3","2020-05-30 11:25:24"
"185","36","45","Cause others skill industry old effect fine.","5","2024-02-29 19:37:35"
"186","0","82","College anything relationship local air ball.","1","2021-07-21 09:00:31"
"187","0","83","Moment buy east example identify likely.","1","2021-05-25 06:02:44"
"188","64","18","Eat determine feeling certainly necessary.","3","2024-08-17 16:12:48"
"189","36","41","Understand relate church serve can street.","2","2022-02-09 08:44:03"
"190","64","32","Reveal so suggest.","1","2023-07-04 04:00:19"
"191","36","12","Hold his moment billion talk mouth tonight.","1","2020-02-02 18:28:14"
"192","36","40","Late every include generation how risk.","2","2022-01-23 22:49:46"
"193","36","97","Memory attack land.","4","2021-02-21 20:13:33"
"194","53","64","Maybe read card look safe.","2","2023-05-18 03:30:36"
"195","53","61","Key little fast speak tree.","3","2023-03-28 19:29:26"
"196","61","5","Receive may push serious successful country.","2","2022-04-03 19:33:38"
"197","64","80","Cell our series mother treat structure positive.","3","2022-03-15 14:30:58"
"198","61","32","Trade money smile create either reality adult.","5","2020-11-16 16:11:46"
"199","53","71","Vote continue community whole growth.","3","2020-01-28 23:53:04"
"200","0","13","Trouble cold thank while door statement scene teach.","1","2023-09-03 23:30:02"
"201","64","43","Good decade TV culture continue.","2","2024-03-21 23:18:04"
"202","36","22","Measure only wait technology town approach today all.","2","2024-04-10 02:23:19"
"203","0","8","Forward trouble unit people research.","3","2021-03-05 07:03:26"
"204","53","63","Magazine loss tree especially position.","4","2021-05-10 19:04:24"
"205","0","15","Next identify language provide parent.","4","2021-01-27 17:19:26"
"206","0","5","Stuff section lot rather.","1","2023-08-15 19:37:46"
"207","53","85","Play meeting movie avoid.","1","2020-02-16 01:25:05"
"208","61","39","Though finish star be hot often worry.","1","2021-10-12 01:55:58"
"209","64","65","Image throughout western world area.","4","2024-08-12 04:15:36"
"210","36","28","Popular open collection become.","4","2022-06-13 04:32:41"
"211","53","90","Idea across player appear similar.","1","2020-02-01 20:37:19"
"212","53","35","Strategy medical voice boy.","3","2020-01-20 23:04:15"
"213","53","89","Official artist health effect forward magazine.","5","2024-06-23 14:40:01"
"214","61","52","Lose international available despite popular stock memory.","2","2020-08-06 22:24:02"
"215","0","39","Break attention environment few voice thank local.","5","2022-09-18 15:39:35"
"216","36","99","Rise sit hand.","5","2020-01-22 10:07:53"
"217","36","77","Little happy short during.","1","2024-05-30 11:44:57"
"218","64","33","Now always hand.","3","2022-04-16 13:35:03"
"219","61","62","Ability possible door pressure sea thought.","2","2020-05-15 17:58:06"
"220","61","29","Strategy receive rate oil.","2","2020-03-25 19:16:15"
"221","64","30","Particularly firm foreign involve.","2","2024-05-10 23:23:22"
"222","36","67","Far deep while movie tend those.","4","2022-01-09 23:00:15"
"223","36","48","Century service nearly movie report.","1","2023-10-20 10:41:05"
"224","53","16","Report become market decision hope.","5","2021-09-19 16:46:53"
"225","53","65","Analysis what page.","2","2024-09-27 05:14:32"
"226","53","99","Read information fire purpose very.","4","2020-06-18 04:16:28"
"227","53","86","Table loss detail put risk yet.","1","2024-04-21 11:51:26"
"228","0","63","Message western stage yes too dog among believe.","3","2020-10-11 05:07:28"
"229","36","37","Walk two most ten cup far training.","5","2021-12-03 04:57:36"
"230","36","68","Small certainly pattern daughter carry successful imagine.","2","2021-09-09 21:11:18"
"231","64","13","Mrs look call spring establish together.","5","2022-05-17 15:47:13"
"232","64","76","About century debate officer about.","2","2021-03-27 23:19:56"
"233","61","43","Me wear prove.","4","2022-09-10 15:49:41"
"234","53","26","Beyond majority good open executive.","3","2024-09-12 03:44:38"
"235","61","89","Energy safe crime social school enter.","3","2023-03-14 17:05:00"
"236","64","57","Strategy hope return near sign Republican.","5","2021-04-17 01:51:41"
"237","0","70","Kitchen seven write decision data wrong best I.","5","2023-12-20 13:35:36"
"238","36","51","Believe her attorney stock defense.","2","2021-11-09 20:05:07"
"239","61","46","Under between candidate crime officer.","5","2023-09-03 01:09:01"
"240","61","54","Owner ahead generation shoulder day popular window key.","5","2021-10-20 18:51:29"
"241","0","89","Law before everybody power hot.","3","2020-10-02 12:33:27"
"242","64","25","Have perform because technology important they tax.","4","2022-05-28 23:29:17"
"243","53","76","Break focus raise away.","2","2021-09-14 02:11:02"
"244","61","91","House central baby picture choice could.","5","2024-02-29 03:17:44"
"245","64","35","Investment scientist bring citizen kid support interest.","2","2020-04-29 00:53:34"
"246","53","83","Of radio positive better management minute air.","5","2020-09-25 00:31:49"
"247","61","68","Either none heavy down business state way sister.","2","2024-03-23 02:11:15"
"248","36","89","Push the ten will summer specific option concern.","1","2022-05-18 04:26:24"
"249","0","3","Life sister official yeah remain center without around.","3","2022-02-27 23:03:23"
"250","0","36","Defense become result easy mission.","4","2022-09-20 04:56:43"
"251","0","73","Inside mind without represent resource.","5","2023-04-21 05:11:59"
"252","53","7","Tough fill happy last hit.","4","2020-06-10 11:06:18"
"253","61","69","Successful season crime study environment style remain cup.","4","2022-04-02 12:23:09"
"254","64","52","Participant environmental them really.","2","2022-11-18 21:20:53"
"255","0","58","Follow result court improve use.","1","2022-02-15 14:37:51"
"256","53","73","Kid reach government support improve once worry.","5","2023-11-07 21:28:14"
"257","36","11","Wear modern red.","4","2022-01-07 17:04:26"
"258","53","96","Feeling money newspaper question.","1","2021-03-24 18:51:05"
"259","0","46","Send laugh cup hear prove leave.","5","2021-06-15 22:08:42"
"260","0","20","Blue right fine.","1","2024-04-05 14:47:30"
"261","0","93","Eye article TV born clearly close let toward.","2","2023-09-28 14:07:21"
"262","64","12","Whether beyond bar.","4","2021-10-10 06:50:01"
"263","53","41","Director population measure student cost policy.","1","2023-07-31 18:37:55"
"264","64","51","Get finish pick shake level.","3","2022-12-06 14:15:18"
"265","36","74","Food age listen small reflect put again.","1","2023-11-27 22:45:15"
"266","64","81","Staff week own necessary allow.","4","2023-12-21 21:42:00"
"267","61","67","Culture daughter make.","2","2020-09-29 15:21:55"
"268","64","45","If everything bad age local season school.","1","2021-09-06 04:21:12"
"269","61","31","Reduce ask although get poor herself population.","2","2022-05-29 19:40:45"
"270","64","41","Few natural fight stand one significant get interesting.","4","2022-08-22 06:19:39"
"271","36","60","Heavy person choose start market.","1","2020-11-05 09:43:54"
"272","36","16","Director writer act.","5","2023-09-20 12:12:18"
"273","61","75","However find most city citizen.","1","2020-12-28 15:19:32"
"274","61","49","Star forward leave art practice stock detail value.","3","2024-08-30 04:34:01"
"275","0","67","Far around almost.","1","2021-04-29 03:49:18"
"276","36","13","Career big remember parent produce cut beyond.","4","2023-09-06 18:13:24"
"277","0","33","Response knowledge may thousand music catch head.","4","2024-05-08 00:10:00"
"278","36","56","Media along these easy role yes to more.","3","2024-10-11 02:53:42"
"279","64","93","Training drug really check if since.","3","2022-05-31 04:33:36"
"280","53","13","Ability election race.","2","2021-03-01 04:32:15"
"281","36","33","Same project every end catch American true.","3","2022-10-02 03:00:50"
"282","0","99","Certain edge couple break provide drug son.","1","2022-05-03 21:20:13"
"283","53","49","Discuss almost serious Mr sing city.","3","2020-05-25 00:19:41"
"284","0","60","Account question dinner write usually team.","2","2022-02-26 06:23:53"
"285","0","80","Current note order impact spend question election.","1","2021-05-08 00:21:31"
"286","53","75","Doctor nature cup whom poor send.","2","2023-11-11 03:52:39"
"287","61","19","Which white get bring society industry control thank.","2","2023-04-11 06:13:52"
"288","61","24","Class quickly high know whether result.","2","2022-02-24 02:34:42"
"289","0","32","Better child computer either.","4","2022-09-22 13:06:22"
"290","61","10","Build painting either return heart message matter.","5","2024-04-09 00:59:59"
"291","36","82","Room seven reveal whole increase.","1","2022-05-14 11:59:59"
"292","0","16","Decision involve despite close paper pick.","4","2022-09-07 16:22:39"
"293","61","45","Major western education game.","5","2021-11-27 04:09:45"
"294","0","64","Enough spend practice organization fill can cause.","1","2022-11-22 05:39:02"
"295","64","29","Cause letter career.","3","2020-09-08 12:07:06"
"296","36","69","Amount billion beyond quality fill final.","5","2023-02-08 22:08:37"
"297","36","46","Talk want it manage heavy investment.","2","2023-08-10 13:44:21"
"298","53","74","Child Mr painting role company produce clear.","3","2020-12-28 08:49:09"
"299","0","12","Serve finally task ten country power.","2","2021-06-11 09:51:57"
"300","64","44","When bag model employee relate anything season.","4","2023-12-12 04:03:53"
"301","61","63","Religious around both place.","4","2020-10-18 18:37:26"
"302","64","5","Describe section few stay.","2","2024-07-07 22:50:10"
"303","61","47","Shake phone positive idea throughout.","2","2021-05-17 19:48:13"
"304","0","94","Stage short put lay too strong forward.","4","2022-07-28 03:58:16"
"305","61","50","Glass matter upon assume.","4","2023-09-11 00:51:47"
"306","64","86","Produce team operation point loss mean.","3","2022-07-08 14:45:19"
"307","64","28","None say heart information part full your yeah.","2","2024-06-02 10:40:48"
"308","61","66","Base sure system.","1","2020-06-19 18:14:17"
"309","53","70","She push serve rule thus.","3","2023-04-04 08:39:06"
"310","64","87","Time decide rest others development account.","4","2020-02-03 11:12:11"
"311","36","98","Player use through first exactly far though garden.","4","2024-03-05 23:40:15"
"312","53","3","Thank kitchen move husband friend idea thus.","3","2020-02-14 08:13:04"
"313","53","52","School still up radio try condition.","2","2021-06-14 16:42:12"
"314","64","55","Thank establish subject clearly.","2","2024-02-15 16:58:52"
"315","36","58","Break voice middle reflect.","1","2020-10-20 11:59:37"
"316","64","1","Parent shake now owner believe.","4","2020-10-23 20:36:18"
"317","36","75","Every put college would from.","1","2020-10-07 16:27:55"
"318","61","53","Country itself eat former.","4","2021-01-19 23:11:22"
"319","53","98","Part father himself research general college bed.","3","2023-11-24 13:51:56"
"320","64","17","Quite lawyer thank attack hope wish.","4","2022-05-29 23:22:40"
"321","0","52","Speak lay born.","3","2022-10-20 21:42:41"
"322","36","8","Federal condition officer.","2","2020-08-31 03:11:25"
"323","64","31","Politics catch information where car usually growth.","5","2021-06-07 13:53:09"
"324","61","60","Great education training see we.","3","2023-10-16 23:20:57"
"325","64","96","Yard son speech Democrat wife give.","2","2021-07-04 02:42:27"
"326","0","59","Economic attack food laugh newspaper part better.","2","2021-05-10 20:22:26"
"327","64","19","Answer where simply degree article available possible order.","2","2024-03-10 08:48:14"
"328","53","77","Because head nation so this per pretty.","5","2021-12-03 17:29:06"
"329","0","77","Government forget evidence short star feel.","2","2022-12-29 23:05:19"
"330","64","98","Protect something camera.","4","2021-06-28 12:01:52"
"331","36","91","Blue tend house staff commercial herself prove.","4","2024-05-30 19:49:24"
"332","36","15","Other question indeed message picture study.","2","2022-11-17 01:01:05"
"333","53","60","Some Congress result every war.","1","2024-11-02 08:32:28"
"334","61","44","Size improve hit nice kind performance.","3","2020-05-22 22:28:42"
"335","0","79","Capital white yet people.","2","2024-08-24 21:08:59"
"336","61","30","Establish indicate very art eat entire front bit.","3","2024-03-08 19:52:31"
"337","36","2","Rate business worker professor wife.","3","2023-04-28 18:43:58"
"338","0","43","Movement rate effect.","2","2024-05-07 04:39:15"
"339","64","82","Good challenge business rule sometimes serve community.","3","2022-02-06 16:50:35"
"340","36","59","Song group environmental foreign threat billion worry.","4","2022-12-27 06:23:37"
"341","64","88","Value leave should five.","5","2022-08-26 00:36:25"
"342","53","97","Ready at order attention both hour.","3","2020-11-29 04:26:57"
"343","61","6","While woman travel not identify score model dinner.","2","2021-05-21 14:14:56"
"344","64","16","Fast magazine east since.","5","2021-08-03 16:32:14"
"345","64","14","Same throughout wide billion.","4","2024-06-12 20:58:47"
"346","61","42","Thing bed among understand else represent.","2","2022-11-23 05:30:44"
"347","61","13","Run point spring room with travel.","4","2021-09-17 13:16:39"
"348","0","27","Ok final soldier against take budget agency century.","2","2020-06-06 14:49:08"
"349","36","83","Drug north shake property fish plan.","3","2020-03-05 10:12:53"
"350","0","21","Plan high civil tree action.","1","2021-06-01 22:15:01"
"351","64","34","Begin should property.","2","2024-03-22 05:36:00"
"352","64","67","Finish pressure recognize would pattern still simply.","2","2021-02-07 14:42:08"
"353","64","58","Practice how save several model think five.","5","2021-10-16 17:22:39"
"354","61","96","Serious leader note understand enough production scene.","3","2022-03-05 09:35:02"
"355","64","3","Land trouble staff follow baby job game.","1","2020-12-02 21:18:02"
"356","53","19","Newspaper number property view.","1","2020-02-26 04:09:28"
"357","0","95","Ever travel feeling two customer.","4","2023-10-20 07:49:21"
"358","61","70","Address teach simply wait similar blood.","1","2021-04-22 02:52:01"
"359","61","21","Sport everything true water short.","2","2024-09-08 10:35:17"
"360","36","86","Simply growth television.","3","2020-06-26 04:01:18"
"361","53","59","Stop space store community together far.","3","2024-03-05 20:49:00"
"362","36","14","Whom box political herself society position.","5","2020-04-24 00:25:34"
"363","53","94","Let receive scene no.","3","2020-11-21 06:32:34"
"364","36","50","Election modern simple.","5","2022-06-04 03:26:30"
"365","53","68","Discuss science draw model adult stand.","3","2020-05-12 11:12:30"
"366","64","2","No air run win.","2","2022-01-18 17:03:18"
"367","64","95","Management conference energy although well far summer.","3","2022-05-01 17:54:31"
"368","53","42","Single share down try happen show.","3","2020-09-25 01:32:18"
"369","64","26","Half important guess what edge change.","5","2021-07-30 07:55:34"
"370","61","8","Best change talk conference language ball.","3","2022-04-12 21:02:36"
"371","64","9","She half air important truth.","1","2020-06-11 05:30:49"
"372","61","36","Ready issue that party identify wall subject management.","4","2023-06-06 22:11:42"
"373","36","90","West leader side.","4","2022-12-17 14:03:00"
"374","64","83","Fine street make case debate.","1","2022-06-10 09:30:21"
"375","36","71","System participant card effect water.","5","2024-09-16 08:55:42"
"376","61","64","Partner son air out price interest finally.","2","2022-06-20 09:14:42"
"377","64","7","Space water realize market walk also traditional.","4","2021-09-21 03:00:22"
"378","53","84","Or city bit your education expert control.","3","2023-02-26 22:49:30"
"379","0","24","Free other modern end blue.","5","2024-09-27 17:48:53"
"380","61","79","Soon budget instead property or their that nation.","2","2020-05-05 07:23:45"
"381","61","93","Bit network deep politics.","4","2021-03-24 08:44:58"
"382","0","54","Debate in reason break debate bed.","2","2022-04-29 04:42:15"
"383","36","63","Democratic summer itself tax.","1","2024-06-10 17:14:06"
"384","53","8","Which big send guy thing.","3","2022-02-19 12:58:35"
"385","61","23","Site beyond former perform.","1","2022-01-17 07:24:21"
"386","36","66","Research approach live.","5","2021-12-31 12:27:42"
"387","61","14","Perhaps best company far last.","2","2024-01-18 20:43:48"
"388","53","62","Source protect owner strategy identify.","4","2022-03-25 11:14:47"
"389","61","80","Right must body doctor.","3","2024-10-23 23:23:35"
"390","53","31","How eye fire growth alone.","1","2024-11-12 18:13:09"
"391","53","23","Too high inside.","1","2022-11-19 07:30:20"
"392","0","6","Piece strong senior alone option in evidence.","1","2021-07-15 08:14:20"
"393","64","68","Daughter miss maintain avoid direction hour.","4","2020-07-25 04:03:03"
"394","61","76","Speak answer fill on program others sort.","3","2024-07-13 20:41:38"
"395","0","14","Wall clearly defense soldier term each.","5","2023-02-06 14:46:02"
"396","64","61","Quickly world police space specific enter.","4","2023-05-06 02:56:51"
"397","61","97","Under product occur add beat.","2","2024-10-03 10:05:35"
"398","36","80","Interesting measure value two east avoid.","2","2021-08-24 11:32:10"
"399","61","18","Without finish weight theory.","5","2021-12-22 07:15:38"
